-- Delete all data
/*begin try
  drop table Voters
  drop table Candidates
  drop table Constituencies
end try
begin catch
--
end catch
*/

-- Create table Constituencies
create table Constituencies(
	Id int not null primary key,
	Name varchar(200) not null)

-- Insert constituencies
insert into Constituencies (Id, Name)
values (1, 'GRAND RIVER NORTH WEST AND PORT LOUIS WEST'), 
       (2, 'PORT LOUIS SOUTH AND PORT LOUIS CENTRAL'),
       (3, 'PORT LOUIS MARITIME AND PORT LOUIS EAST'),
       (4, 'PORT LOUIS NORTH AND MONTAGNE LONGUE'),
       (5, 'PAMPLEMOUSSES AND TRIOLET'),
       (6, 'GRAND BAIE AND POUDRE D''OR'),
       (7, 'PITON AND RIVIERE DU REMPART'),
       (8, 'QUARTIER MILITAIRE AND MOKA'),
       (9, 'FLACQ AND BON ACCUEIL'),
       (10, 'MONTAGNE BLANCHE AND GRAND RIVER SOUTH EAST'),
       (11, 'VIEUX GRAND PORT AND ROSE BELLE'),
       (12, 'MAHEBOURG AND PLAINE MAGNIEN'),
       (13, 'RIVIERE DES ANGUILLES AND SOUILLAC'),
       (14, 'SAVANNE AND BLACK RIVER'),
       (15, 'LA CAVERNE AND PHOENIX'),
       (16, 'VACOAS AND FLOREAL'),
       (17, 'CUREPIPE AND MIDLANDS'),
       (18, 'BELLE ROSE AND QUATRE BORNES'),
       (19, 'STANLEY AND ROSE HILL'),
       (20, 'BEAU BASSIN AND PETITE RIVIERE'),
       (21, 'RODRIGUES')

-- Create table Candidates
create table Candidates(
	Id int not null primary key identity (1, 1),
	Name varchar(50) not null,
	Surname varchar(50) not null,
	ConstituencyId int not null references Constituencies(Id),
	Votes int not null default(0))
	
-- Insert candidates
insert into Candidates (ConstituencyId, Name, Surname, Votes)	
values (1, 'Dorine', 'Chukowry', 523),
	   (1, 'Nilen', 'Vencadasmy', 842),
	   (1, 'Clive', 'Auffray', 125),
	   (2, 'Abdullah', 'Hossen', 242),
	   (2, 'Shakila', 'Jahangeer', 567),
	   (2, 'Zouberr', 'Joomaye',842),
	   (3, 'Mahmad', 'Bocus',1321),
	   (3, 'Anwar', 'Husnoo',124),
	   (3, 'Parwez', 'Nurwoollah',833),
	   (4, 'L.Roy', 'Subashnee',1024),
	   (4, 'Joanne', 'Tour',512),
	   (4, 'Lesjongard', 'Joe',564),
	   (5, 'Callichurn', 'Soodesh',822),
	   (5, 'Lutchoo', 'Jairajsing',132),
	   (5, 'Ramkaun', 'Sharvanand',546),
	   (6, 'Anjiv', 'Ramdhany',1234),
	   (6, 'Avinash', 'Teeluck',877),
	   (6, 'Ashit', 'Gungah',155),
	   (7, 'Anjiv', 'Ramdhany',214),
	   (7, 'Avinash', 'Teeluck',124),
	   (7, 'Ashit', 'Gungah',657),
	   (8, 'Leela Devi', 'Luchoomun',777),
	   (8, 'Yogida', 'Sawminaden',875),
	   (8, 'Pravind', 'Jugnauth', 132),
	   (9, 'Vikash', 'Nuckcheddy', 288),
	   (9, 'Deepak', 'Balgobin', 152),
	   (9, 'Sudheer', 'Maudhoo', 987),
	   (10, 'Vikram', 'Hurdoyal',568),
	   (10, 'Sunil', 'Bholah',456),
	   (10, 'Zahid', 'Nazurally',132),
	   (11, 'Mahen', 'Seeruttun',327),
	   (11, 'Naveena', 'Ramyad',845),
	   (11, 'Teenah', 'Jutton',132),
	   (12, 'Stephan', 'Toussaint',548),
	   (12, 'Bobby', 'Hurreeram',152),
	   (12, 'Rameshwar Kavi', 'Doolub',154),	   
	   (13, 'Kailesh', 'Jagutpal',687),
	   (13, 'Renganaden', 'Padayachy',157),
	   (13, 'Ismael', 'Rawoo',659),
	   (14, 'Alan', 'Ganoo',358),
	   (14, 'Sandra', 'Mayotte',159),
	   (14, 'Prakash', 'Ramchurrun',657),
	   (15, 'Mahen', 'Jhugroo',756),
	   (15, 'Mahmadally', 'Burkutoola',157),
	   (15, 'Gilbert', 'Bablee',688),
	   (16, 'Nando', 'Bodha',689),
	   (16, 'Françoise', 'Labelle',123),
	   (16, 'Ashley', 'Ittoo',125),
	   (17, 'Eddy', 'Boissezon',658),
	   (17, 'Kenny', 'Dhunnoo',361),
	   (17, 'Steve', 'Obeegadoo',982),
	   (18, 'Gilles', 'L''Entêté',943),
	   (18, 'Ken', 'Fong',157),
	   (18, 'Toolsyraj', 'Benydin',111)	   	   	   	   	   	   	   	   

insert into Candidates (ConstituencyId, Name, Surname, Votes)	
values (1, 'Fabrice', 'David',1023),
	   (1, 'Jean Claude', 'Barbier',1235),
	   (1, 'Patrice', 'Armance',685),
	   (2, 'Imran', 'Duffaydar',158),
	   (2, 'Osman', 'Mahomed',124),	   
	   (2, 'Farad', 'Aumeer',452),
	   (3, 'Salim', 'Abbas Mamode',358),
	   (3, 'Shakeel', 'Mohamed',157),
	   (3, 'Eshan', 'Juman',359),
	   (4, 'Mireille', 'Martin',152),
	   (4, 'Pradeep', 'Jeeha',682),
	   (4, 'Aurore', 'Perraud',625),
	   (5, 'Rajen', 'Seetohul',1025),
	   (5, 'Rajiv', 'Oochit',136),
	   (5, 'Robin', 'Soonarane',326),
	   (6, 'Raviraj', 'Beechook',242),
	   (6, 'Priya', 'Kanhye',158),
	   (6, 'Mahen', 'Gungapersad',663),
	   (7, 'Satish', 'Fauyoo',799),
	   (7, 'Anjati', 'Bhowan',152),
	   (7, 'Chengapa', 'Naidu',456),	   
	   (8, 'Ashok', 'Jugnauth',624),
	   (8, 'Atma', 'Bhumma',132),
	   (8, 'Suren', 'Dayal',564),	   
	   (9, 'Devanand', 'Ritoo',755),
	   (9, 'Dhiraj', 'Khamajeet',150),
	   (9, 'Anil', 'Baichoo',12),	   
	   (10, 'Reza', 'Saumtally',157),
	   (10, 'Jim', 'Seetaram',359),
	   (10, 'Navin', 'Ramgoolam',326),
	   (11, 'Rajesh', 'Jeetah',155),
	   (11, 'Ashley', 'Ramdass',123),
	   (11, 'Mila', 'Ramlochun-Bunwaree',887),
	   (12, 'Ritish', 'Ramful',958),
	   (12, 'Avinash', 'Bissessur',125),
	   (12, 'Richard', 'Duval',15),
	   (13, 'Lormus', 'Bundhoo',815),
	   (13, 'Tassarajen', 'Pillay Chedumbrum',756),
	   (13, 'Rubna', 'Daureeawoo',123),
	   (14, 'Ezra', 'Jhuboo',1235),
	   (14, 'Véronique', 'Leu-Govind',651),
	   (14, 'Mahen', 'Goondeea',1258),
	   (15, 'Kushal', 'Lobine',152),
	   (15, 'Cader Sayed', 'Hossen',125),
	   (15, 'Patrick', 'Assirvaden',602),
	   (16, 'Tangavel', 'Thoda',850),
	   (16, 'Nishta', 'Jooty',238),
	   (16, 'Stéphanie', 'Anquetil',12),
	   (17, 'Priya', 'Soobara',157),
	   (17, 'Michael', 'Sik Yuen',954),
	   (17, 'Adrien', 'Duval',50),
	   (18, 'Rama', 'Sithanen',10),
	   (18, 'Arvin', 'Boolell',1530),
	   (18, 'Xavier-Luc', 'Duval',1500),
	   (19, 'Assad', 'Peeroo',150),
	   (19, 'Olivier', 'Barbe',12),
	   (19, 'Danisha', 'Sornum',125),	 
	   (20, 'Lovena', 'Sowkhee',15),
	   (20, 'Marcel', 'Norbert',65),
	   (20, 'Guito', 'Lepoigneur',15)	   	   	   	   	   	   	   
	   
----------------------------------

-- Create table Voters
create table Voters(
	Id int not null primary key identity (1, 1),
	Name varchar(50) not null,
	Surname varchar(50) not null,
	[Login] varchar(10) not null,
	[Password] varchar(10) not null,
	HasVoted bit not null default('false'),
	ConstituencyId int not null references Constituencies(Id))
 
 -- Insert voters
insert into Voters (Name, Surname, [Login], [Password], ConstituencyId, HasVoted)
values ('shuaib', 'timol', 'st', '123', 3, 0),
       ('ahmad', 'jamalkhan', 'aj', '123', 2, 0),
       ('yashvin', 'nababsing', 'yn', '123', 8, 0),
       ('navresh', 'kissoondoyal', 'nk', '123', 6, 0),      
       -- Constituency 1
       ('Voter 0', 'Constituency 1', 'c1v0', '123', 1,0),
       ('Voter 1', 'Constituency 1', 'c1v1', '123', 1,0),
       ('Voter 2', 'Constituency 1', 'c1v2', '123', 1,0),
       ('Voter 3', 'Constituency 1', 'c1v3', '123', 1,0),
       ('Voter 4', 'Constituency 1', 'c1v4', '123', 1,0),
       ('Voter 5', 'Constituency 1', 'c1v5', '123', 1,0),
       ('Voter 6', 'Constituency 1', 'c1v6', '123', 1,0),
       ('Voter 7', 'Constituency 1', 'c1v7', '123', 1,0),
       ('Voter 8', 'Constituency 1', 'c1v8', '123', 1,1),
       ('Voter 9', 'Constituency 1', 'c1v9', '123', 1,1),
       -- Constituency 2
       ('Voter 0', 'Constituency 2', 'c2v0', '123', 2,0),
       ('Voter 1', 'Constituency 2', 'c2v1', '123', 2,0),
       ('Voter 2', 'Constituency 2', 'c2v2', '123', 2,0),
       ('Voter 3', 'Constituency 2', 'c2v3', '123', 2,0),
       ('Voter 4', 'Constituency 2', 'c2v4', '123', 2,0),
       ('Voter 5', 'Constituency 2', 'c2v5', '123', 2,0),
       ('Voter 6', 'Constituency 2', 'c2v6', '123', 2,0),
       ('Voter 7', 'Constituency 2', 'c2v7', '123', 2,0),
       ('Voter 8', 'Constituency 2', 'c2v8', '123', 2,1),
       ('Voter 9', 'Constituency 2', 'c2v9', '123', 2,1),
       -- Constituency 3
       ('Voter 0', 'Constituency 3', 'c3v0', '123', 3,0),
       ('Voter 1', 'Constituency 3', 'c3v1', '123', 3,0),
       ('Voter 2', 'Constituency 3', 'c3v2', '123', 3,0),
       ('Voter 3', 'Constituency 3', 'c3v3', '123', 3,0),
       ('Voter 4', 'Constituency 3', 'c3v4', '123', 3,0),
       ('Voter 5', 'Constituency 3', 'c3v5', '123', 3,0),
       ('Voter 6', 'Constituency 3', 'c3v6', '123', 3,0),
       ('Voter 7', 'Constituency 3', 'c3v7', '123', 3,0),
       ('Voter 8', 'Constituency 3', 'c3v8', '123', 3,1),
       ('Voter 9', 'Constituency 3', 'c3v9', '123', 3,1),
       -- Constituency 4
       ('Voter 0', 'Constituency 4', 'c4v0', '123', 4,0),
       ('Voter 1', 'Constituency 4', 'c4v1', '123', 4,0),
       ('Voter 2', 'Constituency 4', 'c4v2', '123', 4,0),
       ('Voter 3', 'Constituency 4', 'c4v3', '123', 4,0),
       ('Voter 4', 'Constituency 4', 'c4v4', '123', 4,0),
       ('Voter 5', 'Constituency 4', 'c4v5', '123', 4,0),
       ('Voter 6', 'Constituency 4', 'c4v6', '123', 4,0),
       ('Voter 7', 'Constituency 4', 'c4v7', '123', 4,0),
       ('Voter 8', 'Constituency 4', 'c4v8', '123', 4,1),
       ('Voter 9', 'Constituency 4', 'c4v9', '123', 4,1),
       -- Constituency 5
       ('Voter 0', 'Constituency 5', 'c5v0', '123', 5,0),
       ('Voter 1', 'Constituency 5', 'c5v1', '123', 5,0),
       ('Voter 2', 'Constituency 5', 'c5v2', '123', 5,0),
       ('Voter 3', 'Constituency 5', 'c5v3', '123', 5,0),
       ('Voter 4', 'Constituency 5', 'c5v4', '123', 5,0),
       ('Voter 5', 'Constituency 5', 'c5v5', '123', 5,0),
       ('Voter 6', 'Constituency 5', 'c5v6', '123', 5,0),
       ('Voter 7', 'Constituency 5', 'c5v7', '123', 5,0),
       ('Voter 8', 'Constituency 5', 'c5v8', '123', 5,1),
       ('Voter 9', 'Constituency 5', 'c5v9', '123', 5,1),
       -- Constituency 6
       ('Voter 0', 'Constituency 6', 'c6v0', '123', 6,0),
       ('Voter 1', 'Constituency 6', 'c6v1', '123', 6,0),
       ('Voter 2', 'Constituency 6', 'c6v2', '123', 6,0),
       ('Voter 3', 'Constituency 6', 'c6v3', '123', 6,0),
       ('Voter 4', 'Constituency 6', 'c6v4', '123', 6,0),
       ('Voter 5', 'Constituency 6', 'c6v5', '123', 6,0),
       ('Voter 6', 'Constituency 6', 'c6v6', '123', 6,0),
       ('Voter 7', 'Constituency 6', 'c6v7', '123', 6,0),
       ('Voter 8', 'Constituency 6', 'c6v8', '123', 6,1),
       ('Voter 9', 'Constituency 6', 'c6v9', '123', 6,1),
       -- Constituency 7
       ('Voter 0', 'Constituency 7', 'c7v0', '123', 7,0),
       ('Voter 1', 'Constituency 7', 'c7v1', '123', 7,0),
       ('Voter 2', 'Constituency 7', 'c7v2', '123', 7,0),
       ('Voter 3', 'Constituency 7', 'c7v3', '123', 7,0),
       ('Voter 4', 'Constituency 7', 'c7v4', '123', 7,0),
       ('Voter 5', 'Constituency 7', 'c7v5', '123', 7,0),
       ('Voter 6', 'Constituency 7', 'c7v6', '123', 7,0),
       ('Voter 7', 'Constituency 7', 'c7v7', '123', 7,0),
       ('Voter 8', 'Constituency 7', 'c7v8', '123', 7,1),
       ('Voter 9', 'Constituency 7', 'c7v9', '123', 7,1),
       -- Constituency 8
       ('Voter 0', 'Constituency 8', 'c8v0', '123', 8,0),
       ('Voter 1', 'Constituency 8', 'c8v1', '123', 8,0),
       ('Voter 2', 'Constituency 8', 'c8v2', '123', 8,0),
       ('Voter 3', 'Constituency 8', 'c8v3', '123', 8,0),
       ('Voter 4', 'Constituency 8', 'c8v4', '123', 8,0),
       ('Voter 5', 'Constituency 8', 'c8v5', '123', 8,0),
       ('Voter 6', 'Constituency 8', 'c8v6', '123', 8,0),
       ('Voter 7', 'Constituency 8', 'c8v7', '123', 8,0),
       ('Voter 8', 'Constituency 8', 'c8v8', '123', 8,1),
       ('Voter 9', 'Constituency 8', 'c8v9', '123', 8,1),
       -- Constituency 9
       ('Voter 0', 'Constituency 9', 'c9v0', '123', 9,0),
       ('Voter 1', 'Constituency 9', 'c9v1', '123', 9,0),
       ('Voter 2', 'Constituency 9', 'c9v2', '123', 9,0),
       ('Voter 3', 'Constituency 9', 'c9v3', '123', 9,0),
       ('Voter 4', 'Constituency 9', 'c9v4', '123', 9,0),
       ('Voter 5', 'Constituency 9', 'c9v5', '123', 9,0),
       ('Voter 6', 'Constituency 9', 'c9v6', '123', 9,0),
       ('Voter 7', 'Constituency 9', 'c9v7', '123', 9,0),
       ('Voter 8', 'Constituency 9', 'c9v8', '123', 9,1),
       ('Voter 9', 'Constituency 9', 'c9v9', '123', 9,1),
       -- Constituency 10
       ('Voter 0', 'Constituency 10', 'c10v0', '123', 10,0),
       ('Voter 1', 'Constituency 10', 'c10v1', '123', 10,0),
       ('Voter 2', 'Constituency 10', 'c10v2', '123', 10,0),
       ('Voter 3', 'Constituency 10', 'c10v3', '123', 10,0),
       ('Voter 4', 'Constituency 10', 'c10v4', '123', 10,0),
       ('Voter 5', 'Constituency 10', 'c10v5', '123', 10,0),
       ('Voter 6', 'Constituency 10', 'c10v6', '123', 10,0),
       ('Voter 7', 'Constituency 10', 'c10v7', '123', 10,0),
       ('Voter 8', 'Constituency 10', 'c10v8', '123', 10,1),
       ('Voter 9', 'Constituency 10', 'c10v9', '123', 10,1),
       -- Constituency 11
       ('Voter 0', 'Constituency 11', 'c11v0', '123', 11,0),
       ('Voter 1', 'Constituency 11', 'c11v1', '123', 11,0),
       ('Voter 2', 'Constituency 11', 'c11v2', '123', 11,0),
       ('Voter 3', 'Constituency 11', 'c11v3', '123', 11,0),
       ('Voter 4', 'Constituency 11', 'c11v4', '123', 11,0),
       ('Voter 5', 'Constituency 11', 'c11v5', '123', 11,0),
       ('Voter 6', 'Constituency 11', 'c11v6', '123', 11,0),
       ('Voter 7', 'Constituency 11', 'c11v7', '123', 11,0),
       ('Voter 8', 'Constituency 11', 'c11v8', '123', 11,1),
       ('Voter 9', 'Constituency 11', 'c11v9', '123', 11,1),
       -- Constituency 12
       ('Voter 0', 'Constituency 12', 'c12v0', '123', 12,0),
       ('Voter 1', 'Constituency 12', 'c12v1', '123', 12,0),
       ('Voter 2', 'Constituency 12', 'c12v2', '123', 12,0),
       ('Voter 3', 'Constituency 12', 'c12v3', '123', 12,0),
       ('Voter 4', 'Constituency 12', 'c12v4', '123', 12,0),
       ('Voter 5', 'Constituency 12', 'c12v5', '123', 12,0),
       ('Voter 6', 'Constituency 12', 'c12v6', '123', 12,0),
       ('Voter 7', 'Constituency 12', 'c12v7', '123', 12,0),
       ('Voter 8', 'Constituency 12', 'c12v8', '123', 12,1),
       ('Voter 9', 'Constituency 12', 'c12v9', '123', 12,1),
       -- Constituency 13
       ('Voter 0', 'Constituency 13', 'c13v0', '123', 13,0),
       ('Voter 1', 'Constituency 13', 'c13v1', '123', 13,0),
       ('Voter 2', 'Constituency 13', 'c13v2', '123', 13,0),
       ('Voter 3', 'Constituency 13', 'c13v3', '123', 13,0),
       ('Voter 4', 'Constituency 13', 'c13v4', '123', 13,0),
       ('Voter 5', 'Constituency 13', 'c13v5', '123', 13,0),
       ('Voter 6', 'Constituency 13', 'c13v6', '123', 13,0),
       ('Voter 7', 'Constituency 13', 'c13v7', '123', 13,0),
       ('Voter 8', 'Constituency 13', 'c13v8', '123', 13,0),
       ('Voter 9', 'Constituency 13', 'c13v9', '123', 13,0),
       -- Constituency 14
       ('Voter 0', 'Constituency 14', 'c14v0', '123', 14,0),
       ('Voter 1', 'Constituency 14', 'c14v1', '123', 14,0),
       ('Voter 2', 'Constituency 14', 'c14v2', '123', 14,0),
       ('Voter 3', 'Constituency 14', 'c14v3', '123', 14,0),
       ('Voter 4', 'Constituency 14', 'c14v4', '123', 14,0),
       ('Voter 5', 'Constituency 14', 'c14v5', '123', 14,0),
       ('Voter 6', 'Constituency 14', 'c14v6', '123', 14,0),
       ('Voter 7', 'Constituency 14', 'c14v7', '123', 14,0),
       ('Voter 8', 'Constituency 14', 'c14v8', '123', 14,1),
       ('Voter 9', 'Constituency 14', 'c14v9', '123', 14,1),
       -- Constituency 15
       ('Voter 0', 'Constituency 15', 'c15v0', '123', 15,0),
       ('Voter 1', 'Constituency 15', 'c15v1', '123', 15,0),
       ('Voter 2', 'Constituency 15', 'c15v2', '123', 15,0),
       ('Voter 3', 'Constituency 15', 'c15v3', '123', 15,0),
       ('Voter 4', 'Constituency 15', 'c15v4', '123', 15,0),
       ('Voter 5', 'Constituency 15', 'c15v5', '123', 15,0),
       ('Voter 6', 'Constituency 15', 'c15v6', '123', 15,0),
       ('Voter 7', 'Constituency 15', 'c15v7', '123', 15,0),
       ('Voter 8', 'Constituency 15', 'c15v8', '123', 15,1),
       ('Voter 9', 'Constituency 15', 'c15v9', '123', 15,1),
       -- Constituency 16
       ('Voter 0', 'Constituency 16', 'c16v0', '123', 16,0),
       ('Voter 1', 'Constituency 16', 'c16v1', '123', 16,0),
       ('Voter 2', 'Constituency 16', 'c16v2', '123', 16,0),
       ('Voter 3', 'Constituency 16', 'c16v3', '123', 16,0),
       ('Voter 4', 'Constituency 16', 'c16v4', '123', 16,0),
       ('Voter 5', 'Constituency 16', 'c16v5', '123', 16,0),
       ('Voter 6', 'Constituency 16', 'c16v6', '123', 16,0),
       ('Voter 7', 'Constituency 16', 'c16v7', '123', 16,0),
       ('Voter 8', 'Constituency 16', 'c16v8', '123', 16,1),
       ('Voter 9', 'Constituency 16', 'c16v9', '123', 16,1),
       -- Constituency 17
       ('Voter 0', 'Constituency 17', 'c17v0', '123', 17,0),
       ('Voter 1', 'Constituency 17', 'c17v1', '123', 17,0),
       ('Voter 2', 'Constituency 17', 'c17v2', '123', 17,0),
       ('Voter 3', 'Constituency 17', 'c17v3', '123', 17,0),
       ('Voter 4', 'Constituency 17', 'c17v4', '123', 17,0),
       ('Voter 5', 'Constituency 17', 'c17v5', '123', 17,0),
       ('Voter 6', 'Constituency 17', 'c17v6', '123', 17,0),
       ('Voter 7', 'Constituency 17', 'c17v7', '123', 17,0),
       ('Voter 8', 'Constituency 17', 'c17v8', '123', 17,1),
       ('Voter 9', 'Constituency 17', 'c17v9', '123', 17,1),
       -- Constituency 18
       ('Voter 0', 'Constituency 18', 'c18v0', '123', 18,0),
       ('Voter 1', 'Constituency 18', 'c18v1', '123', 18,0),
       ('Voter 2', 'Constituency 18', 'c18v2', '123', 18,0),
       ('Voter 3', 'Constituency 18', 'c18v3', '123', 18,0),
       ('Voter 4', 'Constituency 18', 'c18v4', '123', 18,0),
       ('Voter 5', 'Constituency 18', 'c18v5', '123', 18,0),
       ('Voter 6', 'Constituency 18', 'c18v6', '123', 18,0),
       ('Voter 7', 'Constituency 18', 'c18v7', '123', 18,0),
       ('Voter 8', 'Constituency 18', 'c18v8', '123', 18,1),
       ('Voter 9', 'Constituency 18', 'c18v9', '123', 18,1),
       -- Constituency 19
       ('Voter 0', 'Constituency 19', 'c19v0', '123', 19,0),
       ('Voter 1', 'Constituency 19', 'c19v1', '123', 19,0),
       ('Voter 2', 'Constituency 19', 'c19v2', '123', 19,0),
       ('Voter 3', 'Constituency 19', 'c19v3', '123', 19,0),
       ('Voter 4', 'Constituency 19', 'c19v4', '123', 19,0),
       ('Voter 5', 'Constituency 19', 'c19v5', '123', 19,0),
       ('Voter 6', 'Constituency 19', 'c19v6', '123', 19,0),
       ('Voter 7', 'Constituency 19', 'c19v7', '123', 19,0),
       ('Voter 8', 'Constituency 19', 'c19v8', '123', 19,1),
       ('Voter 9', 'Constituency 19', 'c19v9', '123', 19,1),
       -- Constituency 20
       ('Voter 0', 'Constituency 20', 'c20v0', '123', 20,0),
       ('Voter 1', 'Constituency 20', 'c20v1', '123', 20,0),
       ('Voter 2', 'Constituency 20', 'c20v2', '123', 20,0),
       ('Voter 3', 'Constituency 20', 'c20v3', '123', 20,0),
       ('Voter 4', 'Constituency 20', 'c20v4', '123', 20,0),
       ('Voter 5', 'Constituency 20', 'c20v5', '123', 20,0),
       ('Voter 6', 'Constituency 20', 'c20v6', '123', 20,0),
       ('Voter 7', 'Constituency 20', 'c20v7', '123', 20,0),
       ('Voter 8', 'Constituency 20', 'c20v8', '123', 20,1),
       ('Voter 9', 'Constituency 20', 'c20v9', '123', 20,1),
       -- Constituency 21
       ('Voter 0', 'Constituency 21', 'c21v0', '123', 21,0),
       ('Voter 1', 'Constituency 21', 'c21v1', '123', 21,0),
       ('Voter 2', 'Constituency 21', 'c21v2', '123', 21,0),
       ('Voter 3', 'Constituency 21', 'c21v3', '123', 21,0),
       ('Voter 4', 'Constituency 21', 'c21v4', '123', 21,0),
       ('Voter 5', 'Constituency 21', 'c21v5', '123', 21,0),
       ('Voter 6', 'Constituency 21', 'c21v6', '123', 21,0),
       ('Voter 7', 'Constituency 21', 'c21v7', '123', 21,0),
       ('Voter 8', 'Constituency 21', 'c21v8', '123', 21,1),
       ('Voter 9', 'Constituency 21', 'c21v9', '123', 21,1)
